event_family,relative_sentence_offset,belief_group,n_events,mean_belief_error_rate,median_belief_error_rate
action_change,-5,all,643,0.1658890616899948,0.16666666666666666
action_change,-5,door,643,0.01010886469673406,0.0
action_change,-5,key,643,0.37091757387247276,0.5
action_change,-5,wall,643,0.21337480559875585,0.2
action_change,-5,wall_down,643,0.3265940902021773,0.0
action_change,-4,all,649,0.16640986132511557,0.16666666666666666
action_change,-4,door,649,0.012326656394453005,0.0
action_change,-4,key,649,0.3697996918335901,0.5
action_change,-4,wall,649,0.21479198767334362,0.2
action_change,-4,wall_down,649,0.3266563944530046,0.0
action_change,-3,all,658,0.16489361702127658,0.16666666666666666
action_change,-3,door,658,0.00911854103343465,0.0
action_change,-3,key,658,0.3708206686930091,0.5
action_change,-3,wall,658,0.21428571428571427,0.2
action_change,-3,wall_down,658,0.32674772036474165,0.0
action_change,-2,all,666,0.1654154154154154,0.16666666666666666
action_change,-2,door,666,0.00975975975975976,0.0
action_change,-2,key,666,0.35960960960960964,0.5
action_change,-2,wall,666,0.2141141141141141,0.2
action_change,-2,wall_down,666,0.32732732732732733,0.0
action_change,-1,all,682,0.1644672531769306,0.16666666666666666
action_change,-1,door,682,0.007331378299120235,0.0
action_change,-1,key,682,0.3621700879765396,0.5
action_change,-1,wall,682,0.2164222873900293,0.2
action_change,-1,wall_down,682,0.32991202346041054,0.0
action_change,0,all,682,0.16495601173020527,0.16666666666666666
action_change,0,door,682,0.010997067448680353,0.0
action_change,0,key,682,0.3709677419354839,0.5
action_change,0,wall,682,0.21407624633431085,0.2
action_change,0,wall_down,682,0.32991202346041054,0.0
action_change,1,all,682,0.16544477028347995,0.16666666666666666
action_change,1,door,682,0.011730205278592375,0.0
action_change,1,key,682,0.3614369501466276,0.5
action_change,1,wall,682,0.2126099706744868,0.2
action_change,1,wall_down,682,0.32991202346041054,0.0
action_change,2,all,682,0.1644672531769306,0.16666666666666666
action_change,2,door,682,0.009530791788856305,0.0
action_change,2,key,682,0.3680351906158358,0.5
action_change,2,wall,682,0.21173020527859238,0.2
action_change,2,wall_down,682,0.32991202346041054,0.0
action_change,3,all,680,0.16568627450980392,0.16666666666666666
action_change,3,door,680,0.007352941176470588,0.0
action_change,3,key,680,0.36323529411764705,0.5
action_change,3,wall,680,0.21294117647058824,0.2
action_change,3,wall_down,680,0.32941176470588235,0.0
action_change,4,all,678,0.1634709931170108,0.16666666666666666
action_change,4,door,678,0.008112094395280236,0.0
action_change,4,key,678,0.3606194690265487,0.5
action_change,4,wall,678,0.21061946902654868,0.2
action_change,4,wall_down,678,0.3274336283185841,0.0
action_change,5,all,671,0.1641828117237953,0.16666666666666666
action_change,5,door,671,0.007451564828614009,0.0
action_change,5,key,671,0.36661698956780925,0.5
action_change,5,wall,671,0.20923994038748137,0.2
action_change,5,wall_down,671,0.3293591654247392,0.0
optimal_to_suboptimal,-5,all,153,0.15359477124183007,0.16666666666666666
optimal_to_suboptimal,-5,door,153,0.0,0.0
optimal_to_suboptimal,-5,key,153,0.3202614379084967,0.5
optimal_to_suboptimal,-5,wall,153,0.19607843137254902,0.2
optimal_to_suboptimal,-5,wall_down,153,0.2679738562091503,0.0
optimal_to_suboptimal,-4,all,155,0.15268817204301074,0.16666666666666666
optimal_to_suboptimal,-4,door,155,0.012903225806451613,0.0
optimal_to_suboptimal,-4,key,155,0.32903225806451614,0.5
optimal_to_suboptimal,-4,wall,155,0.19483870967741937,0.2
optimal_to_suboptimal,-4,wall_down,155,0.2709677419354839,0.0
optimal_to_suboptimal,-3,all,156,0.1549145299145299,0.16666666666666666
optimal_to_suboptimal,-3,door,156,0.0,0.0
optimal_to_suboptimal,-3,key,156,0.3301282051282051,0.5
optimal_to_suboptimal,-3,wall,156,0.1987179487179487,0.2
optimal_to_suboptimal,-3,wall_down,156,0.2692307692307692,0.0
optimal_to_suboptimal,-2,all,160,0.153125,0.16666666666666666
optimal_to_suboptimal,-2,door,160,0.003125,0.0
optimal_to_suboptimal,-2,key,160,0.31875,0.5
optimal_to_suboptimal,-2,wall,160,0.1975,0.2
optimal_to_suboptimal,-2,wall_down,160,0.2625,0.0
optimal_to_suboptimal,-1,all,161,0.15217391304347827,0.16666666666666666
optimal_to_suboptimal,-1,door,161,0.0,0.0
optimal_to_suboptimal,-1,key,161,0.38819875776397517,0.5
optimal_to_suboptimal,-1,wall,161,0.1826086956521739,0.2
optimal_to_suboptimal,-1,wall_down,161,0.2608695652173913,0.0
optimal_to_suboptimal,0,all,161,0.15217391304347827,0.16666666666666666
optimal_to_suboptimal,0,door,161,0.006211180124223602,0.0
optimal_to_suboptimal,0,key,161,0.2236024844720497,0.0
optimal_to_suboptimal,0,wall,161,0.22732919254658385,0.2
optimal_to_suboptimal,0,wall_down,161,0.2608695652173913,0.0
optimal_to_suboptimal,1,all,161,0.15217391304347827,0.16666666666666666
optimal_to_suboptimal,1,door,161,0.003105590062111801,0.0
optimal_to_suboptimal,1,key,161,0.27639751552795033,0.5
optimal_to_suboptimal,1,wall,161,0.20621118012422363,0.2
optimal_to_suboptimal,1,wall_down,161,0.2608695652173913,0.0
optimal_to_suboptimal,2,all,161,0.15113871635610765,0.16666666666666666
optimal_to_suboptimal,2,door,161,0.0,0.0
optimal_to_suboptimal,2,key,161,0.2826086956521739,0.5
optimal_to_suboptimal,2,wall,161,0.20621118012422363,0.2
optimal_to_suboptimal,2,wall_down,161,0.2608695652173913,0.0
optimal_to_suboptimal,3,all,161,0.15838509316770186,0.16666666666666666
optimal_to_suboptimal,3,door,161,0.003105590062111801,0.0
optimal_to_suboptimal,3,key,161,0.2919254658385093,0.5
optimal_to_suboptimal,3,wall,161,0.2124223602484472,0.2
optimal_to_suboptimal,3,wall_down,161,0.2608695652173913,0.0
optimal_to_suboptimal,4,all,161,0.15010351966873706,0.16666666666666666
optimal_to_suboptimal,4,door,161,0.006211180124223602,0.0
optimal_to_suboptimal,4,key,161,0.2857142857142857,0.5
optimal_to_suboptimal,4,wall,161,0.20248447204968945,0.2
optimal_to_suboptimal,4,wall_down,161,0.2608695652173913,0.0
optimal_to_suboptimal,5,all,160,0.15,0.16666666666666666
optimal_to_suboptimal,5,door,160,0.0,0.0
optimal_to_suboptimal,5,key,160,0.296875,0.5
optimal_to_suboptimal,5,wall,160,0.2,0.2
optimal_to_suboptimal,5,wall_down,160,0.25625,0.0
suboptimal_to_optimal,-5,all,170,0.15588235294117647,0.16666666666666666
suboptimal_to_optimal,-5,door,170,0.008823529411764706,0.0
suboptimal_to_optimal,-5,key,170,0.3,0.5
suboptimal_to_optimal,-5,wall,170,0.21411764705882352,0.2
suboptimal_to_optimal,-5,wall_down,170,0.27647058823529413,0.0
suboptimal_to_optimal,-4,all,170,0.15490196078431373,0.16666666666666666
suboptimal_to_optimal,-4,door,170,0.0029411764705882353,0.0
suboptimal_to_optimal,-4,key,170,0.29411764705882354,0.5
suboptimal_to_optimal,-4,wall,170,0.20823529411764705,0.2
suboptimal_to_optimal,-4,wall_down,170,0.27058823529411763,0.0
suboptimal_to_optimal,-3,all,173,0.14836223506743737,0.16666666666666666
suboptimal_to_optimal,-3,door,173,0.005780346820809248,0.0
suboptimal_to_optimal,-3,key,173,0.29190751445086704,0.5
suboptimal_to_optimal,-3,wall,173,0.20693641618497113,0.2
suboptimal_to_optimal,-3,wall_down,173,0.2658959537572254,0.0
suboptimal_to_optimal,-2,all,173,0.15221579961464354,0.16666666666666666
suboptimal_to_optimal,-2,door,173,0.002890173410404624,0.0
suboptimal_to_optimal,-2,key,173,0.2774566473988439,0.5
suboptimal_to_optimal,-2,wall,173,0.21040462427745663,0.2
suboptimal_to_optimal,-2,wall_down,173,0.2658959537572254,0.0
suboptimal_to_optimal,-1,all,182,0.1510989010989011,0.16666666666666666
suboptimal_to_optimal,-1,door,182,0.005494505494505495,0.0
suboptimal_to_optimal,-1,key,182,0.23351648351648352,0.0
suboptimal_to_optimal,-1,wall,182,0.22747252747252747,0.2
suboptimal_to_optimal,-1,wall_down,182,0.27472527472527475,0.0
suboptimal_to_optimal,0,all,182,0.14926739926739926,0.16666666666666666
suboptimal_to_optimal,0,door,182,0.0,0.0
suboptimal_to_optimal,0,key,182,0.40384615384615385,0.5
suboptimal_to_optimal,0,wall,182,0.17912087912087912,0.2
suboptimal_to_optimal,0,wall_down,182,0.27472527472527475,0.0
suboptimal_to_optimal,1,all,182,0.15293040293040291,0.16666666666666666
suboptimal_to_optimal,1,door,182,0.0,0.0
suboptimal_to_optimal,1,key,182,0.33791208791208793,0.5
suboptimal_to_optimal,1,wall,182,0.1956043956043956,0.2
suboptimal_to_optimal,1,wall_down,182,0.27472527472527475,0.0
suboptimal_to_optimal,2,all,182,0.152014652014652,0.16666666666666666
suboptimal_to_optimal,2,door,182,0.0027472527472527475,0.0
suboptimal_to_optimal,2,key,182,0.3516483516483517,0.5
suboptimal_to_optimal,2,wall,182,0.19230769230769232,0.2
suboptimal_to_optimal,2,wall_down,182,0.27472527472527475,0.0
suboptimal_to_optimal,3,all,182,0.1510989010989011,0.16666666666666666
suboptimal_to_optimal,3,door,182,0.0027472527472527475,0.0
suboptimal_to_optimal,3,key,182,0.33791208791208793,0.5
suboptimal_to_optimal,3,wall,182,0.19120879120879122,0.2
suboptimal_to_optimal,3,wall_down,182,0.27472527472527475,0.0
suboptimal_to_optimal,4,all,182,0.152014652014652,0.16666666666666666
suboptimal_to_optimal,4,door,182,0.0,0.0
suboptimal_to_optimal,4,key,182,0.33516483516483514,0.5
suboptimal_to_optimal,4,wall,182,0.19230769230769232,0.2
suboptimal_to_optimal,4,wall_down,182,0.27472527472527475,0.0
suboptimal_to_optimal,5,all,182,0.15476190476190474,0.16666666666666666
suboptimal_to_optimal,5,door,182,0.0027472527472527475,0.0
suboptimal_to_optimal,5,key,182,0.33791208791208793,0.5
suboptimal_to_optimal,5,wall,182,0.19120879120879122,0.2
suboptimal_to_optimal,5,wall_down,182,0.2802197802197802,0.0
